Category,India/State/Union Territory,Population 2011,Decadal Population Growth Rate - 2001-2011,Population Density (per sq.km) - 2011,S. No.,State/UT,Area [Sq. Km.] - Rural,Area [Sq. Km.] - Urban,Area [Sq. Km.] - Total,Area [Sq. Km.] - Rural %,Number of Districts,Number of Villages
State,Andhra Pradesh,49386799,9.0,308,1,Andhra Pradesh,156086.0,4119.0,160205,97.43,13,17039
State,Arunachal Pradesh,1383727,26.0,17,2,Arunachal Pradesh,,,83743,,17,5589
State,Assam,31205576,17.1,398,3,Assam,77476.23,961.77,78438,98.77,27,26395
State,Bihar,104099452,25.4,1106,4,Bihar,92358.4,1804.6,94163,98.08,38,44874
State,Chhattisgarh,25545198,22.6,189,5,Chhattisgarh,133325.25,1865.75,135191,98.62,27,20126
State,Goa,1458545,8.2,394,6,Goa,3190.33,511.67,3702,86.18,2,334
State,Gujarat,60439692,19.3,308,7,Gujarat,190796.5,5227.5,196024,97.33,33,18225
State,Haryana,25351462,19.9,573,8,Haryana,42931.63,1280.37,44212,97.1,21,6841
State,Himachal Pradesh,6864602,12.9,123,9,Himachal Pradesh,55431.29,241.71,55673,99.57,12,20690
State,Jammu & Kashmir,12541302,23.6,56,10,Jammu & Kashmir,221285.9,950.1,222236,99.57,22,6551
State,Jharkhand,32988134,22.4,414,11,Jharkhand,77921.57,1792.43,79714,97.75,24,32394
State,Karnataka,61095297,15.6,319,12,Karnataka,186623.78,5167.22,191791,97.31,30,29340
State,Kerala,33406061,4.9,860,13,Kerala,35611.14,3251.86,38863,91.63,14,1018
State,Madhya Pradesh,72626809,20.3,236,14,Madhya Pradesh,301283.24,6961.76,308245,97.74,51,54903
State,Maharashtra,112374333,16.0,365,15,Maharashtra,300357.2,7355.8,307713,97.61,33,43663
State,Manipur,2855794,31.8,128,16,Manipur,22183.1,143.9,22327,99.36,9,2588
State,Meghalaya,2966889,27.9,132,17,Meghalaya,22199.28,229.72,22429,98.98,11,6839
State,Mizoram,1097206,23.5,52,18,Mizoram,20494.08,586.92,21081,97.22,9,830
State,Nagaland,1978502,-0.6,119,19,Nagaland,16431.76,147.24,16579,99.11,11,1428
State,Odisha,41974218,14.0,270,20,Odisha,152912.87,2794.13,155707,98.21,30,51313
State,Punjab,27743338,13.9,551,21,Punjab,48283.43,2078.57,50362,95.87,22,12581
State,Rajasthan,68548437,21.3,200,22,Rajasthan,336807.81,5431.19,342239,98.41,33,44672
State,Sikkim,610577,12.9,86,23,Sikkim,,,7096,,4,452
State,Tamil Nadu,72147030,15.6,555,24,Tamil Nadu,117532.75,12525.25,130058,90.37,32,15979
State,Telangana,35193978,13.6,306,25,Telangana,111105.0,3735.0,114840,96.75,10,10761
State,Tripura,3673917,14.8,350,26,Tripura,10346.6,139.4,10486,98.67,8,875
State,Uttarakhand,10086292,18.8,189,27,Uttarakhand,52686.23,796.77,53483,98.51,13,16793
State,Uttar Pradesh,199812341,20.2,829,28,Uttar Pradesh,234369.81,6558.19,240928,97.28,75,106704
State,West Bengal,91276115,13.8,1028,29,West Bengal,85427.26,3324.74,88752,96.25,18,40203
Union Territory,Chandigarh,1055450,17.2,9258,31,Chandigarh,34.66,79.34,114,30.4,1,5
Union Territory,Daman & Diu,243247,53.8,2191,33,Daman & Diu,87.74,24.26,112,78.34,2,19
Union Territory,Delhi,16787941,21.2,11320,34,Delhi,558.32,924.68,1483,37.65,11,112
Union Territory,Lakshadweep,64473,6.3,2149,35,Lakshadweep,21.41,10.59,32,66.91,1,21
Union Territory,Puducherry,1247953,28.1,2547,36,Puducherry,345.59,133.41,479,72.15,4,90
